<?xml version="1.0" encoding="UTF-8" standalone='yes'?>
<top_billboard_espanhol>
	<cancion>
		<titulo>La Macarena</titulo>
		<interprete>Los del Río</interprete>
		<anho>1995</anho>
		<puesto_billboard>7</puesto_billboard>
	</cancion>
	<cancion>
		<titulo>Eres tú</titulo>
		<interprete>Mocedades</interprete>
		<anho>1973</anho>
		<puesto_billboard>9</puesto_billboard>
	</cancion>
	<cancion>
		<titulo>Corazón Partío</titulo>
		<interprete>Alejandro Sanz</interprete>
		<anho/>
		<puesto_billboard>33</puesto_billboard>
	</cancion>
	<cancion>
		<titulo>Mediterráneo </titulo>
		<interprete>Joan Manuel Serrat</interprete>
		<anho>1971</anho>
		<puesto_billboard>32</puesto_billboard>
	</cancion>
	<cancion>
		<titulo>Y cómo es él </titulo>
		<interprete>José Luis Perales
		</interprete>
		<anho>1982</anho>
		<puesto_billboard>21</puesto_billboard>
	</cancion>
	<cancion>
		<titulo>Bailando</titulo>
		<interprete>Enrique Iglesias</interprete>
		<interprete>Gente de Zona</interprete>
		<anho>2014</anho>
		<puesto_billboard>7</puesto_billboard>
	</cancion>
</top_billboard_espanhol>