<!DOCTYPE carta SYSTEM "2.1.2.8.2-carta.dtd" [
<!-- Aquí se declara de nuevo la entidad por parámetro ats_direccion. 
    Atención que puede declararse, pero no reutilizarse en una DTD interna
-->
<!-- Hemos cambiado la declaración de la entidad de parámetro para que no use el atributo población, vemos que 
tiene prioridad la definición interna-->
<!ENTITY % ats_direccion
    "calle CDATA #REQUIRED
     numero CDATA #IMPLIED
     ">
<!ELEMENT carta (emisor,receptor)>
<!ELEMENT emisor (nombre,direccion)>
<!ELEMENT receptor (nombre,direccion)>

<!-- 
Si descomentamos nombre: ERROR en Notepad++ con XML Tools:  ya está declarado: -->
<!-- <!ELEMENT nombre (#PCDATA)> -->
]>
<carta>
    <emisor>
        <nombre>Teresa</nombre>
        <direccion calle="Gran vía" numero="25"  ></direccion>
    </emisor>
    <receptor>
        <nombre>Lucía</nombre>
        <direccion calle="Toledo"  ></direccion>
    </receptor>
</carta>