<?xml version="1.0" encoding="UTF-8"?>
<project-private xmlns="http://www.netbeans.org/ns/project-private/1">
    <editor-bookmarks xmlns="http://www.netbeans.org/ns/editor-bookmarks/2" lastBookmarkId="0"/>
    <open-files xmlns="http://www.netbeans.org/ns/projectui-open-files/2">
        <group>
            <file>file:/D:/11_Insti/DAM/DAM2/DI/Ejercicios/Java/TablaDeMultiplicar/src/tablademultiplicar/Frame.java</file>
            <file>file:/D:/11_Insti/DAM/DAM2/DI/Ejercicios/Java/TablaDeMultiplicar/src/tablademultiplicar/Matematica.java</file>
            <file>file:/D:/11_Insti/DAM/DAM2/DI/Ejercicios/Java/TablaDeMultiplicar/src/tablademultiplicar/ConstructorPanel.java</file>
            <file>file:/D:/11_Insti/DAM/DAM2/DI/Ejercicios/Java/TablaDeMultiplicar/src/tablademultiplicar/TablaDeMultiplicar.java</file>
        </group>
    </open-files>
</project-private>
