<?xml version="1.0" encoding="UTF-8" standalone="no"?>
<!--  standalone: default value is no: (Source: https://www.w3.org/TR/xml/#sec-rmd)  -->
<acta ciclo="ASIR" eval="1" tipo="telematica" id="0144"
	xmlns:xsi="http://www.w3.org/2001/XMLSchema-instance"
	xsi:noNamespaceSchemaLocation="3_acta.xsd">
	<fecha>2020-12-22</fecha>
	<modalidad>presencial</modalidad>
	<curso>2020-2021</curso>
	<tutor>

		<apellido1>Foz</apellido1>
		<apellido2>Fernández</apellido2>
		<nombre>Filomena</nombre>
		<dni>55555555-F</dni>
	</tutor>
	<tutor>
		<nombre>Jacinta</nombre>
		<apellido1>Jáuregui</apellido1>
		<apellido2>Juncal</apellido2>

		<dni>55555556-J</dni>
	</tutor>
	<modulo codigo="C1">
		<profesor mod="C1">
			<nombre>Luis</nombre>
			<apellido1>Loureiro</apellido1>
			<apellido2>Lápiz</apellido2>
			<dni>55555556-L</dni>

		</profesor>

		<alumno>
			<nombre>María</nombre>
			<apellido1>Mouriz</apellido1>
			<apellido2>Muñoz</apellido2>
			<dni>55555557-M</dni>
			<cualificacion>5</cualificacion>
		</alumno>

		<alumno>
			<nombre>Ana</nombre>
			<apellido1>Antón</apellido1>
			<apellido2>Arias</apellido2>
			<dni>55555557-A</dni>
			<cualificacion>4</cualificacion>
		</alumno>

	</modulo>


	<modulo codigo="C2">
		<profesor mod="C2">

			<apellido1>Borrás</apellido1>
			<apellido2>Brión</apellido2>
			<nombre>Bernando</nombre>
			<dni>55555556-B</dni>
		</profesor>
		<!-- No hay alumnos en este módulo -->
	</modulo>

	<modulo codigo="C3">
		<profesor mod="C3">
			<nombre>Carmen</nombre>
			<apellido1>Couce</apellido1>
			<apellido2>Cruz</apellido2>
			<dni>55555556-C</dni>
		</profesor>

	</modulo>
	<normativa ref="1:-_2ab" />
</acta>



