<?xml version="1.0" encoding="utf-8"?>
<XMLmenu>
    <comida>
        <nombre>Waffles</nombre>
        <precio>$2.00</precio>
        <descripcion>Waffles baratos de McDonald&aposs</descripcion>
        <calorias>650</calorias>
    </comida>
    <comida>
        <nombre>Hamburguesa</nombre>
        <precio>$5.00</precio>
        <descripcion>La hamburguesa mas común de McDonald&aposs</descripcion>
        <calorías>1500</calorías>
    </comida>   
    <comida>
        <nombre>Menú napolitano</nombre>
        <precio>$9.00</precio>
        <descripcion>Bocata napolitano de Pans & Company</descripcion>
        <calorías>1500</calorías>
    </comida> 
</XMLmenu>