<agenda>
    <contacto>
        <nombre>Marta</nombre>
        <apellido>Garcia Fernandez</apellido>
            <telefono>
                <movil>666555444</movil>
                <fijo></fijo>
            </telefono>
    </contacto>
    <contacto>
        <nombre>Pedro</nombre>
        <apellido>Paez</apellido>
            <telefono>
                <movil>210335648</movil>
                <fijo>802589312</fijo>
            </telefono>
    </contacto>
    <contacto>
        <nombre>Fernando</nombre>
        <apellido>Sosa</apellido>
            <telefono>
                <movil>684956321</movil>
                <fijo>841247120</fijo>
            </telefono>
    </contacto>
</agenda>