<agenda>
	<contacto>
		<nombre>Juan </nombre>
		<apellido1>López</apellido1>
		<apellido2>Hernández</apellido2>
		<telefonos>
			<telefono tipo="movil">
650 999 999
			</telefono>
			<telefono tipo="fijo">
986 11 11 11
			</telefono>
		</telefonos>
	</contacto>

	<contacto>
		<nombre>Ana </nombre>
		<apellido1>Roca</apellido1>
		<apellido2>Martínez</apellido2>
		<telefonos>
			<telefono tipo="movil">
666 999 999
			</telefono>
			<telefono tipo="fijo">
982 10 11 12
			</telefono>
		</telefonos>
	</contacto>
</agenda>