<agenda>
     <contacto>
         <nombre>rodrigo</nombre>
         <apellido>millan</apellido>
		 <!-- Aunque esta solución es sintácticamene correcta, 
		 el uso de atributos para mostrar
información principal no es recomendable.
En caso de duda, es más recomendable utilizar elementos.
		 -->
         <telefono fijo="914657895" movil="65547894"/>
     </contacto>
	 <contacto>
           <nombre>carmen</nombre>
           <apellido>novoa</apellido>
		    <!-- Idem		 -->
           <telefono fijo="9146578547" movil="65489894"/>
     </contacto>
</agenda> 
