<?xml version="1.0" encoding="UTF-8"?>
<factura num="_0001">
	<fecha>2021-03-01</fecha>
	<emisor>
		<nombre_pjuridica>
			Parking Plaza España
		</nombre_pjuridica>
		<dir_fiscal>
			<calle>Avda. Madrid</calle>
			<numero>33</numero>
			<poblacion>Vigo</poblacion>
			<codigo_postal>36201</codigo_postal>
		</dir_fiscal>
		<nif>12345678 P</nif>
		<!-- observaciones podría estar aquí o no <observaciones></observaciones> -->
	</emisor>
	<receptor>
		<nombre_pfisica>
			Juan López García
		</nombre_pfisica>
		<dir_fiscal>
			<calle>Quiñones de León</calle>
			<numero>23</numero>
			<poblacion>A Coruña</poblacion>
			<codigo_postal>15001</codigo_postal>
		</dir_fiscal>
		<nif>12345678 Q</nif>
		<!-- observaciones podría estar aquí o no <observaciones></observaciones> -->
	</receptor>
	<concepto>
		enero 2021
		<importe>100.05</importe>
		<cantidad>1</cantidad>
	</concepto>
	<total>121.06</total>
</factura>