<?xml version="1.0" encoding="UTF-8"?>
<periodico>
    <nombre>El periódico del IES de Teis</nombre>
    <edicion tipo="digital" fecha="2021-11-25">
        <seccion>
            <nombre>Tecnología</nombre>
                <articulo extension="1p">
                    El teletrabajo en el sector TIC
                    <autor>María Fernández Rodríguez</autor>                
                    <cuerpo>http://iesdeteis.edu/periodico/tecno/teletrabajo.html</cuerpo>
                </articulo>
            <anuncio extension="1/4p">
                <anunciante>Galicia &amp; TIC</anunciante>
                <ingreso divisa="€">50</ingreso>
            </anuncio>
        </seccion>
    </edicion>
</periodico>