  <!-- 1- falta un elemento raíz -->
  <bookstore>
  <!-- 2- atributo no puede contener el mismo tipo de comillas que encierran su valor -->
  <book category='children&apos;s favourites'>
    <title>Harry Potter</title>
    <author>J K. Rowling</author>
    <!-- 3 etiqueta de cierre incorrecta -->
    <!-- <year>2005<year/> -->
      <year>2005</year>
    <price>29.99</price>
  </book>
  <book category="web">
    <title>Learning XML</title>
    <author>Erik T. Ray</author>
    <year>2003</year>
    <price>39.95</price>
  </book>
  </bookstore>