<?xml version="1.0" encoding="utf-8"?>
<!-- los nombres de elementos no pueden comenzar por xml -->
<menu>
	<comida>
		<nombre>Waffles</nombre>
		<precio>$2.00</precio>
		<!-- falta el punto y coma final para la entidad del apóstrofe &apos;
		También se  podría reemplazar por McDonald's porque el apóstrofe está permitido -->
		<descripcion>Waffles baratos de McDonald&apos;s</descripcion>
		<calorias>650</calorias>
	</comida>
	<comida>
		<nombre>Hamburguesa</nombre>
		<precio>$5.00</precio>
		<!-- falta el punto y coma final para la entidad del apóstrofe -->
		<descripcion>La hamburguesa mas común de McDonald&apos;s</descripcion>
		<!-- El plugin de XML Tools detecta los acentos como un carácter no válido, pero en realidad, el estándar permite los acentos  -->
		<calorías>1500</calorías>
	</comida>
	<comida>
		<nombre>Menú napolitano</nombre>
		<precio>$9.00</precio>
		<!-- Hay que reemplazar & por su entidad o por sus valores Unicode -->
		<descripcion>Bocata napolitano de Pans &amp; Company</descripcion>
		<calorías>1500</calorías>
	</comida>
</menu>