<?xml version="1.1" encoding="utf-8"?>
<!-- Este documento debería seguir la versión XML 1.1 
En la versión 1.1 el prólogo es obligatorio y, si está presente, debe estar en la primera línea
El plugin de XML Tools 3.1.1.6 no soporta la version="1.1"
-->
<empleados>
    <empleado id="1">
        <nombre>Mario</nombre>
        <!-- Hacer etiqueta de cierre igual a la de apertura apellido1 -->
        <apellido1>Roldán</apellido1>
		 <apellido2>Martínez</apellido2>
    </empleado>
    <empleado id="2">
	<nombre> Jane</nombre>
        <apellido1>Smith</apellido1>
        <!-- Mover la barra antes del símbolo > para indicar que es un elemento vacío -->
		 <apellido2/>
    </empleado>
</empleados>