<?xml version="1.0" encoding="utf-8"?>
<!-- version debe ir en minúsculas -->
<!-- El atributo num puede contener comillas simples si su valor va entre comillas dobles -->
<sensor_data name="mi_sensor" num="6'6">
	<medida unit="ºC" id="1">
    25,2
	</medida>
	<medida unit="ºC" id="2">
    23,2
	</medida>
	<medida unit="ºF" id='3'>
    73,4
	</medida>
	<medida unit="ºF" id='4'>
    32
	</medida>
	<!-- Etiqueta de cierre debe coincidir con la etiqueta de apertura -->
</sensor_data>