<?xml version="1.0" encoding="UTF-8"?>
<!-- el prólogo debe estar en la primera línea -->
<!-- al copiar y pegar el documento de la web, por ejemplo, http://jorgesanchez.net/manuales/html/introduccion-lenguajes-de-marcas.html
es posible que algunos  caracteres no se interpreten de la misma forma en el editor de destino => el caso de las comillas
Hay que reemplazar las comillas dobles en el propio editor de texto para que las reconozca como tales.
Probablemente se debe a un error de codificación -->
<!-- Falta un único elemento raíz -->
<datos_personales>
	<nombre>Jorge</nombre>

	<apellido1>Sánchez</apellido1>
<!-- etiquetas de apertura y cierre deben ser exactamente iguales: mejor sin acentos -->
	<direccion>

		<calle>C/ Falsa nº 0</calle>

		<localidad>Palencia</localidad>

		<código_Postal>34001</código_Postal>

		<pais>España</pais>

	</direccion>
	<!-- etiquetas de apertura y cierre deben ser exactamente iguales: por ejemplo en plural y sin acentos -->
	<telefonos>

		<teléfono tipo="fijo">999 999 999</teléfono>

		<teléfono tipo="móvil">666 666 666</teléfono>

	</telefonos>
</datos_personales>