<municipios xmlns:xsi="http://www.w3.org/2001/XMLSchema-instance" xsi:noNamespaceSchemaLocation="municipios.xsd">
	<municipio id="m1" costero="false">
		<nombre>Vigo</nombre>
		<habitantes>    300000</habitantes>
		<km>12500.90</km>
		<festividad valor="--08-15">
			<url href="http://www.turismo.com/municipio"/>
		</festividad>
		<hermanado mun_ids="m2 m3"/>
		<comunidad>Galicia</comunidad>
	</municipio>
	<municipio id="m2">
		<nombre>    Oviedo</nombre>
		<habitantes>    300000</habitantes>
		<km>12500.90</km>
		<festividad valor="--08-15">
			<url href="http://www.turismo.com/municipio"/>
		</festividad>
		<hermanado mun_ids="m1"/>
		<comunidad>Asturias</comunidad>
	</municipio>
	<municipio id="m3" costero="false">
		<nombre>Comillas</nombre>
		<habitantes>    300000</habitantes>
		<km>12500.90</km>
		<festividad valor="--08-15">
			<url href="http://www.turismo.com/municipio"/>
		</festividad>
		<hermanado mun_ids="m1"/>
		<comunidad>Cantabria</comunidad>
	</municipio>
	<municipio id="m4" costero="false">
		<nombre>A Coruña</nombre>
		<habitantes>    300000</habitantes>
		<km>12500.90</km>
		<festividad valor="--08-15">
			<url href="http://www.turismo.com/municipio"/>
		</festividad>
		<comunidad>Galicia</comunidad>
	</municipio>
</municipios>